Topic,importance_score,urgency_score,importance_score_scaled,urgency_score_scaled,score,priority
topic_2,89.58455828029706,1.818151775950349,1.0,0.7700467603273621,1.7700467603273622,1
network_issues,57.17180555398542,2.540188522860356,0.5883613179697524,1.0,1.5883613179697524,2
interface/listing,18.8113197547647,1.1017154213549358,0.10118702735132885,0.5418771256605496,0.6430641530118785,3
updates/message/notif_issues,22.702710296693056,0.4869549724440397,0.1506072937344439,0.3460890893110846,0.49669638304552854,4
topic_4,16.010797013710334,-0.46615824614399276,0.06562067173021105,0.042542942488102746,0.1081636142183138,5
scammers/transaction_experience,10.843773846607906,-0.599740046695352,0.0,0.0,0.0,6
